-- phpMyAdmin SQL Dump
-- version 5.1.1deb5ubuntu1
-- https://www.phpmyadmin.net/
--
-- Host: localhost:3306
-- Generation Time: Apr 15, 2023 at 02:12 PM
-- Server version: 10.6.12-MariaDB-0ubuntu0.22.04.1
-- PHP Version: 8.1.18

SET SQL_MODE = "NO_AUTO_VALUE_ON_ZERO";
START TRANSACTION;
SET time_zone = "+00:00";


/*!40101 SET @OLD_CHARACTER_SET_CLIENT=@@CHARACTER_SET_CLIENT */;
/*!40101 SET @OLD_CHARACTER_SET_RESULTS=@@CHARACTER_SET_RESULTS */;
/*!40101 SET @OLD_COLLATION_CONNECTION=@@COLLATION_CONNECTION */;
/*!40101 SET NAMES utf8mb4 */;

--
-- Database: `dbpos`
--

-- --------------------------------------------------------

--
-- Table structure for table `bmi`
--

CREATE TABLE `bmi` (
  `id` int(11) NOT NULL,
  `name` varchar(255) NOT NULL,
  `age` int(11) NOT NULL,
  `gender` enum('L','P') NOT NULL,
  `weight` int(11) NOT NULL,
  `height` int(11) NOT NULL,
  `body_mass` float NOT NULL,
  `body_mass_result` varchar(255) NOT NULL
) ENGINE=InnoDB DEFAULT CHARSET=utf8mb4 COLLATE=utf8mb4_general_ci;

--
-- Dumping data for table `bmi`
--

INSERT INTO `bmi` (`id`, `name`, `age`, `gender`, `weight`, `height`, `body_mass`, `body_mass_result`) VALUES
(9, 'Billy', 18, 'L', 55, 170, 19, 'Berat Normal'),
(11, 'Putri', 28, 'P', 80, 178, 25, 'Berat Kegemukan'),
(12, 'Fatih', 21, 'L', 40, 175, 13, 'Berat Kurang');

-- --------------------------------------------------------

--
-- Table structure for table `jenis_produk`
--

CREATE TABLE `jenis_produk` (
  `id` int(11) NOT NULL,
  `jenis` varchar(45) DEFAULT NULL
) ENGINE=InnoDB DEFAULT CHARSET=utf8mb3 COLLATE=utf8mb3_general_ci;

--
-- Dumping data for table `jenis_produk`
--

INSERT INTO `jenis_produk` (`id`, `jenis`) VALUES
(1, 'elektronik'),
(2, 'furniture'),
(3, 'makanan'),
(4, 'minuman'),
(5, 'komputer');

-- --------------------------------------------------------

--
-- Table structure for table `kartu`
--

CREATE TABLE `kartu` (
  `id` int(11) NOT NULL,
  `kode` varchar(6) DEFAULT NULL,
  `nama` varchar(45) DEFAULT NULL,
  `diskon` double DEFAULT NULL,
  `iuran` double DEFAULT NULL
) ENGINE=InnoDB DEFAULT CHARSET=utf8mb3 COLLATE=utf8mb3_general_ci;

--
-- Dumping data for table `kartu`
--

INSERT INTO `kartu` (`id`, `kode`, `nama`, `diskon`, `iuran`) VALUES
(1, 'GOLD', 'Gold Utama', 0.05, 100000),
(2, 'PLAT', 'Platinum Jaya', 0.1, 150000),
(3, 'SLV', 'Silver', 0.025, 50000),
(4, 'NO', 'Non Member', 0, 0);

-- --------------------------------------------------------

--
-- Table structure for table `pelanggan`
--

CREATE TABLE `pelanggan` (
  `id` int(11) NOT NULL,
  `kode` varchar(10) DEFAULT NULL,
  `nama` varchar(45) DEFAULT NULL,
  `jk` char(1) DEFAULT NULL,
  `tmp_lahir` varchar(30) DEFAULT NULL,
  `tgl_lahir` date DEFAULT NULL,
  `email` varchar(45) DEFAULT NULL,
  `kartu_id` int(11) NOT NULL
) ENGINE=InnoDB DEFAULT CHARSET=utf8mb3 COLLATE=utf8mb3_general_ci;

--
-- Dumping data for table `pelanggan`
--

INSERT INTO `pelanggan` (`id`, `kode`, `nama`, `jk`, `tmp_lahir`, `tgl_lahir`, `email`, `kartu_id`) VALUES
(1, 'C001', 'Agung Sedayu', 'L', 'Solo', '2010-01-01', 'sedayu@gmail.com', 1),
(2, 'C002', 'Pandan Wangi', 'P', 'Yogyakarta', '1950-01-01', 'wangi@gmail.com', 2),
(3, 'C003', 'Sekar Mirah', 'P', 'Kediri', '1983-02-20', 'mirah@yahoo.com', 1),
(4, 'C004', 'Swandaru Geni', 'L', 'Kediri', '1981-01-04', 'swandaru@yahoo.com', 4),
(5, 'C005', 'Pradabashu', 'L', 'Pati', '1985-04-02', 'prada85@gmail.com', 2),
(6, 'C006', 'Gayatri Dwi', 'P', 'Jakarta', '1987-11-28', 'gaya87@gmail.com', 1),
(7, 'C007', 'Dewi Gyat', 'P', 'Jakarta', '1988-12-01', 'giyat@gmail.com', 1),
(8, 'C008', 'Andre Haru', 'L', 'Surabaya', '1990-07-15', 'andre.haru@gmail.com', 4),
(9, 'C009', 'Ahmad Hasan', 'L', 'Surabaya', '1992-10-15', 'ahasan@gmail.com', 4),
(10, 'C010', 'Cassanndra', 'P', 'Belfast', '1990-11-20', 'casa90@gmail.com', 1);

-- --------------------------------------------------------

--
-- Table structure for table `pembayaran`
--

CREATE TABLE `pembayaran` (
  `id` int(11) NOT NULL,
  `nokuitansi` varchar(10) DEFAULT NULL,
  `tanggal` date DEFAULT NULL,
  `jumlah` double DEFAULT NULL,
  `ke` int(11) DEFAULT NULL,
  `pesanan_id` int(11) NOT NULL
) ENGINE=InnoDB DEFAULT CHARSET=utf8mb3 COLLATE=utf8mb3_general_ci;

-- --------------------------------------------------------

--
-- Table structure for table `pembelian`
--

CREATE TABLE `pembelian` (
  `id` int(11) NOT NULL,
  `tanggal` varchar(45) DEFAULT NULL,
  `nomor` varchar(10) DEFAULT NULL,
  `produk_id` int(11) DEFAULT NULL,
  `jumlah` int(11) DEFAULT NULL,
  `harga` double DEFAULT NULL,
  `vendor_id` int(11) DEFAULT NULL
) ENGINE=InnoDB DEFAULT CHARSET=utf8mb3 COLLATE=utf8mb3_general_ci;

--
-- Dumping data for table `pembelian`
--

INSERT INTO `pembelian` (`id`, `tanggal`, `nomor`, `produk_id`, `jumlah`, `harga`, `vendor_id`) VALUES
(1, '2019-10-10', 'P001', 1, 2, 3500000, 1),
(2, '2019-11-20', 'P002', 2, 5, 5500000, 2),
(3, '2019-12-12', 'P003', 2, 5, 5400000, 1),
(4, '2020-01-20', 'P004', 7, 200, 1800, 3),
(5, '2020-01-20', 'P005', 5, 100, 2300, 3);

-- --------------------------------------------------------

--
-- Table structure for table `pesanan`
--

CREATE TABLE `pesanan` (
  `id` int(11) NOT NULL,
  `tanggal` date DEFAULT NULL,
  `total` double DEFAULT NULL,
  `pelanggan_id` int(11) NOT NULL
) ENGINE=InnoDB DEFAULT CHARSET=utf8mb3 COLLATE=utf8mb3_general_ci;

--
-- Dumping data for table `pesanan`
--

INSERT INTO `pesanan` (`id`, `tanggal`, `total`, `pelanggan_id`) VALUES
(1, '2015-11-04', 9720000, 1),
(2, '2015-11-04', 17500, 3),
(3, '2015-11-04', 0, 6),
(4, '2015-11-04', 0, 7),
(5, '2015-11-04', 0, 10),
(6, '2015-11-04', 0, 2),
(7, '2015-11-04', 0, 5),
(8, '2015-11-04', 0, 4),
(9, '2015-11-04', 0, 8),
(10, '2015-11-04', 0, 9);

-- --------------------------------------------------------

--
-- Table structure for table `pesanan_items`
--

CREATE TABLE `pesanan_items` (
  `id` int(11) NOT NULL,
  `produk_id` int(11) NOT NULL,
  `pesanan_id` int(11) NOT NULL,
  `qty` int(11) DEFAULT NULL,
  `harga` double DEFAULT NULL
) ENGINE=InnoDB DEFAULT CHARSET=utf8mb3 COLLATE=utf8mb3_general_ci;

--
-- Dumping data for table `pesanan_items`
--

INSERT INTO `pesanan_items` (`id`, `produk_id`, `pesanan_id`, `qty`, `harga`) VALUES
(1, 1, 1, 1, 5040000),
(2, 3, 1, 1, 4680000),
(3, 5, 2, 5, 3500),
(6, 5, 3, 10, 3500),
(7, 1, 3, 1, 5040000),
(9, 5, 5, 10, 3500),
(10, 5, 6, 20, 3500);

-- --------------------------------------------------------

--
-- Table structure for table `produk`
--

CREATE TABLE `produk` (
  `id` int(11) NOT NULL,
  `kode` varchar(10) DEFAULT NULL,
  `nama` varchar(45) DEFAULT NULL,
  `harga_beli` double DEFAULT NULL,
  `harga_jual` double DEFAULT NULL,
  `stok` int(11) DEFAULT NULL,
  `min_stok` int(11) DEFAULT NULL,
  `jenis_produk_id` int(11) NOT NULL
) ENGINE=InnoDB DEFAULT CHARSET=utf8mb3 COLLATE=utf8mb3_general_ci;

--
-- Dumping data for table `produk`
--

INSERT INTO `produk` (`id`, `kode`, `nama`, `harga_beli`, `harga_jual`, `stok`, `min_stok`, `jenis_produk_id`) VALUES
(1, 'TV01', 'Televisi 21', 3500000, 5040000, 5, 2, 1),
(2, 'TV02', 'Televisi 40 inch', 5500000, 7440000, 4, 2, 1),
(3, 'K001', 'Kulkas 2 pintu', 3500000, 4680000, 6, 2, 1),
(5, 'TK01', 'Teh Kotak', 3000, 3500, 6, 10, 4),
(7, 'TB01', 'Teh Botol', 2000, 2500, 53, 10, 4),
(15, 'PPAS121', 'Headset asdasd', 50000, 100000, 20, 2, 1);

-- --------------------------------------------------------

--
-- Table structure for table `vendor`
--

CREATE TABLE `vendor` (
  `id` int(11) NOT NULL,
  `nomor` varchar(4) NOT NULL,
  `nama` varchar(40) NOT NULL,
  `kota` varchar(30) DEFAULT NULL,
  `kontak` varchar(40) DEFAULT NULL
) ENGINE=InnoDB DEFAULT CHARSET=latin1 COLLATE=latin1_swedish_ci;

--
-- Dumping data for table `vendor`
--

INSERT INTO `vendor` (`id`, `nomor`, `nama`, `kota`, `kontak`) VALUES
(1, 'V001', 'PT Guna Samudra', 'Surabaya', 'Ali Nurdins'),
(2, 'V002', 'PT Pondok C9', 'Depok', 'Putri Ramadhani'),
(3, 'V003', 'CV Jaya Raya Semesta', 'Jakarta', 'Dwi Rahayu'),
(4, 'V004', 'PT Lekulo X', 'Kebumen', 'Mbambang G'),
(5, 'V005', 'PT IT Prima', 'Jakarta', 'David W'),
(8, 'V011', 'PT SARWENDAH SEJATI', 'Blitar', 'Suherman');

--
-- Indexes for dumped tables
--

--
-- Indexes for table `bmi`
--
ALTER TABLE `bmi`
  ADD PRIMARY KEY (`id`);

--
-- Indexes for table `jenis_produk`
--
ALTER TABLE `jenis_produk`
  ADD PRIMARY KEY (`id`);

--
-- Indexes for table `kartu`
--
ALTER TABLE `kartu`
  ADD PRIMARY KEY (`id`),
  ADD UNIQUE KEY `kode_UNIQUE` (`kode`);

--
-- Indexes for table `pelanggan`
--
ALTER TABLE `pelanggan`
  ADD PRIMARY KEY (`id`),
  ADD KEY `fk_pelanggan_kartu1_idx` (`kartu_id`),
  ADD KEY `idx_nama_pelanggan` (`nama`),
  ADD KEY `idx_tgllahir_pelanggan` (`tgl_lahir`);

--
-- Indexes for table `pembayaran`
--
ALTER TABLE `pembayaran`
  ADD PRIMARY KEY (`id`),
  ADD UNIQUE KEY `nokuitansi_UNIQUE` (`nokuitansi`),
  ADD KEY `fk_pembayaran_pesanan1_idx` (`pesanan_id`);

--
-- Indexes for table `pembelian`
--
ALTER TABLE `pembelian`
  ADD PRIMARY KEY (`id`),
  ADD UNIQUE KEY `nomor_UNIQUE` (`nomor`),
  ADD KEY `produk_id` (`produk_id`),
  ADD KEY `vendor_id` (`vendor_id`);

--
-- Indexes for table `pesanan`
--
ALTER TABLE `pesanan`
  ADD PRIMARY KEY (`id`),
  ADD KEY `fk_pesanan_customer_idx` (`pelanggan_id`);

--
-- Indexes for table `pesanan_items`
--
ALTER TABLE `pesanan_items`
  ADD PRIMARY KEY (`id`),
  ADD KEY `fk_pesanan_items_pesanan1_idx` (`pesanan_id`),
  ADD KEY `fk_pesanan_items_produk1_idx` (`produk_id`);

--
-- Indexes for table `produk`
--
ALTER TABLE `produk`
  ADD PRIMARY KEY (`id`),
  ADD UNIQUE KEY `kode_UNIQUE` (`kode`),
  ADD KEY `fk_produk_jenis_produk1_idx` (`jenis_produk_id`);

--
-- Indexes for table `vendor`
--
ALTER TABLE `vendor`
  ADD PRIMARY KEY (`id`),
  ADD UNIQUE KEY `nomor` (`nomor`);

--
-- AUTO_INCREMENT for dumped tables
--

--
-- AUTO_INCREMENT for table `bmi`
--
ALTER TABLE `bmi`
  MODIFY `id` int(11) NOT NULL AUTO_INCREMENT, AUTO_INCREMENT=13;

--
-- AUTO_INCREMENT for table `jenis_produk`
--
ALTER TABLE `jenis_produk`
  MODIFY `id` int(11) NOT NULL AUTO_INCREMENT, AUTO_INCREMENT=6;

--
-- AUTO_INCREMENT for table `kartu`
--
ALTER TABLE `kartu`
  MODIFY `id` int(11) NOT NULL AUTO_INCREMENT, AUTO_INCREMENT=5;

--
-- AUTO_INCREMENT for table `pelanggan`
--
ALTER TABLE `pelanggan`
  MODIFY `id` int(11) NOT NULL AUTO_INCREMENT, AUTO_INCREMENT=11;

--
-- AUTO_INCREMENT for table `pembayaran`
--
ALTER TABLE `pembayaran`
  MODIFY `id` int(11) NOT NULL AUTO_INCREMENT;

--
-- AUTO_INCREMENT for table `pembelian`
--
ALTER TABLE `pembelian`
  MODIFY `id` int(11) NOT NULL AUTO_INCREMENT, AUTO_INCREMENT=6;

--
-- AUTO_INCREMENT for table `pesanan`
--
ALTER TABLE `pesanan`
  MODIFY `id` int(11) NOT NULL AUTO_INCREMENT, AUTO_INCREMENT=11;

--
-- AUTO_INCREMENT for table `pesanan_items`
--
ALTER TABLE `pesanan_items`
  MODIFY `id` int(11) NOT NULL AUTO_INCREMENT, AUTO_INCREMENT=11;

--
-- AUTO_INCREMENT for table `produk`
--
ALTER TABLE `produk`
  MODIFY `id` int(11) NOT NULL AUTO_INCREMENT, AUTO_INCREMENT=16;

--
-- AUTO_INCREMENT for table `vendor`
--
ALTER TABLE `vendor`
  MODIFY `id` int(11) NOT NULL AUTO_INCREMENT, AUTO_INCREMENT=9;

--
-- Constraints for dumped tables
--

--
-- Constraints for table `pelanggan`
--
ALTER TABLE `pelanggan`
  ADD CONSTRAINT `fk_pelanggan_kartu1` FOREIGN KEY (`kartu_id`) REFERENCES `kartu` (`id`) ON DELETE NO ACTION ON UPDATE NO ACTION;

--
-- Constraints for table `pembayaran`
--
ALTER TABLE `pembayaran`
  ADD CONSTRAINT `fk_pembayaran_pesanan1` FOREIGN KEY (`pesanan_id`) REFERENCES `pesanan` (`id`) ON DELETE NO ACTION ON UPDATE NO ACTION;

--
-- Constraints for table `pembelian`
--
ALTER TABLE `pembelian`
  ADD CONSTRAINT `pembelian_ibfk_1` FOREIGN KEY (`produk_id`) REFERENCES `produk` (`id`),
  ADD CONSTRAINT `pembelian_ibfk_2` FOREIGN KEY (`vendor_id`) REFERENCES `vendor` (`id`);

--
-- Constraints for table `pesanan`
--
ALTER TABLE `pesanan`
  ADD CONSTRAINT `fk_pesanan_customer` FOREIGN KEY (`pelanggan_id`) REFERENCES `pelanggan` (`id`) ON DELETE NO ACTION ON UPDATE NO ACTION;

--
-- Constraints for table `pesanan_items`
--
ALTER TABLE `pesanan_items`
  ADD CONSTRAINT `fk_pesanan_items_pesanan1` FOREIGN KEY (`pesanan_id`) REFERENCES `pesanan` (`id`) ON DELETE NO ACTION ON UPDATE NO ACTION,
  ADD CONSTRAINT `fk_pesanan_items_produk1` FOREIGN KEY (`produk_id`) REFERENCES `produk` (`id`) ON DELETE NO ACTION ON UPDATE NO ACTION;

--
-- Constraints for table `produk`
--
ALTER TABLE `produk`
  ADD CONSTRAINT `fk_produk_jenis_produk1` FOREIGN KEY (`jenis_produk_id`) REFERENCES `jenis_produk` (`id`) ON DELETE NO ACTION ON UPDATE NO ACTION;
COMMIT;

/*!40101 SET CHARACTER_SET_CLIENT=@OLD_CHARACTER_SET_CLIENT */;
/*!40101 SET CHARACTER_SET_RESULTS=@OLD_CHARACTER_SET_RESULTS */;
/*!40101 SET COLLATION_CONNECTION=@OLD_COLLATION_CONNECTION */;
